All,Ivy League,Top 50,Public,Private,Liberal Arts
Stanford University,Harvard University,Princeton University,University of California - Berkeley,Stanford University,Williams College
Harvard University,Yale University,Harvard University,University of California - Los Angeles,Harvard University,Amherst College
Yale University,Princeton University,Columbia University,University of Michigan - Ann Arbor,Yale University,Swarthmore College
Columbia University,Columbia University,Massachusetts Institute of Technology,University of Texas at Austin,Columbia University,Wellesley College
Princeton University,University of Pennsylvania,Yale University,Georgia Institute of Technology,Princeton University,Pomona College
University of Pennsylvania,Brown University,Stanford University,University of North Carolina - Chapel Hill,University of Pennsylvania,Bowdoin College
Massachusetts Institute of Technology,Cornell University,University of Chicago,University of Virginia,Massachusetts Institute of Technology,Carleton College
University of California - Berkeley,Dartmouth College,University of Pennsylvania,University of California - Irvine,Brown University,Claremont McKenna College
University of California - Los Angeles,,Northwestern University,University of California - San Diego,Duke University,Middlebury College
Brown University,,Duke University,University of California - Santa Barbara,New York University,Colby College
Duke University,,Johns Hopkins University,University of Washington,Cornell University,Haverford College
New York University,,California Institute of Technology,University of California - Davis,University of Southern California,Smith College
Cornell University,,Dartmouth College,Virginia Tech,University of Chicago,Hamilton College
University of Southern California,,Brown University,University of Florida,Johns Hopkins University,Colgate University
University of Michigan - Ann Arbor,,University of Notre Dame,University of Illinois at Urbana-Champaign,Dartmouth College,Davidson College
University of Chicago,,Vanderbilt University,Penn State University,Northwestern University,Wesleyan University
Johns Hopkins University,,Cornell University,University of Wisconsin - Madison,California Institute of Technology,Bates College
Dartmouth College,,Rice University,Purdue University,Vanderbilt University,Harvey Mudd College
Northwestern University,,Rice University,University of Maryland - College Park,Rice University,Barnard College
California Institute of Technology,,Washington University in St. Louis,Texas A&M University,Georgetown University,Smith College
Vanderbilt University,,University of California - Los Angeles,University of Massachusetts - Amherst,Washington University in St. Louis,University of Richmond
Rice University,,Emory University,Rutgers University - New Brunswick,Carnegie Mellon University,
Georgetown University,,University of California - Berkeley,University of California - Santa Cruz,Boston University,
Washington University in St. Louis,,University of Southern California,Arizona State University,Northeastern University,
University of Texas at Austin,,Georgetown University,University of California - Riverside,Boston College,
Carnegie Mellon University,,Carnegie Mellon University,University of Georgia,Tufts University,
Georgia Institute of Technology,,University of Michigan - Ann Arbor,Florida State University,University of Notre Dame,
Boston University,,Wake Forest University,Ohio State University,Emory University,
Northeastern University,,University of Virginia,Michigan State University,Amherst College,
University of North Carolina - Chapel Hill,,Georgia Institute of Technology,College of William & Mary,University of Miami,
Boston College,,New York University,Clemson University,Barnard College,
Tufts University,,Tufts University,University of Central Florida,Pomona College,
University of Virginia,,University of North Carolina - Chapel Hill,California Polytechnic State University - San Luis Obispo,Swarthmore College,
University of Notre Dame,,University of California - Santa Barbara,University of Colorado - Boulder,Williams College,
University of California - Irvine,,University of Florida,University of South Florida,Wellesley College,
University of California - San Diego,,University of California - Irvine,North Carolina State University,Colgate University,
Emory University,,Boston College,University of Connecticut,George Washington University,
University of California - Santa Barbara,,University of California - San Diego,California State University - Long Beach,Smith College,
Amherst College,,University of California - Davis,,Bowdoin College,
University of Washington,,Boston University,,Haverford College,
University of Miami,,Case Western Reserve University,,Syracuse University,
Barnard College,,College of William & Mary,,Wake Forest University,
Pomona College,,Northeastern University,,Howard University,
University of California - Davis,,Tulane University,,Wesleyan University,
Virginia Tech,,University of Wisconsin - Madison,,Hamilton College,
University of Florida,,Villanova University,,Lehigh University,
University of Illinois at Urbana-Champaign,,University of Illinois at Urbana-Champaign,,Fordham University,
Penn State University,,University of Texas at Austin,,Baylor University,
Swarthmore College,,Lehigh University,,Tulane University,
University of Wisconsin - Madison,,Pepperdine University,,Claremont McKenna College,
Williams College,,University of Georgia,,Colby College,
Purdue University,,,,Middlebury College,
Wellesley College,,,,American University,
University of Maryland - College Park,,,,University of Richmond,
Colgate University,,,,Case Western Reserve University,
Texas A&M University,,,,Villanova University,
George Washington University,,,,Bates College,
Smith College,,,,Carleton College,
Bowdoin College,,,,Pepperdine University,
Haverford College,,,,Davidson College,
Syracuse University,,,,Harvey Mudd College,
University of Massachusetts - Amherst,,,,Babson College,
Wake Forest University,,,,,
Howard University,,,,,
Rutgers University - New Brunswick,,,,,
University of California - Santa Cruz,,,,,
Arizona State University,,,,,
University of California - Riverside,,,,,
Wesleyan University,,,,,
Hamilton College,,,,,
Lehigh University,,,,,
University of Georgia,,,,,
Florida State University,,,,,
Ohio State University,,,,,
Fordham University,,,,,
Michigan State University,,,,,
College of William & Mary,,,,,
Baylor University,,,,,
Tulane University,,,,,
Claremont McKenna College,,,,,
Colby College,,,,,
Middlebury College,,,,,
Clemson University,,,,,
University of Central Florida,,,,,
American University,,,,,
California Polytechnic State University - San Luis Obispo,,,,,
University of Richmond,,,,,
University of Colorado - Boulder,,,,,
University of South Florida,,,,,
Case Western Reserve University,,,,,
North Carolina State University,,,,,
Villanova University,,,,,
Bates College,,,,,
Carleton College,,,,,
Pepperdine University,,,,,
University of Connecticut,,,,,
California State University - Long Beach,,,,,
Davidson College,,,,,
Harvey Mudd College,,,,,
Babson College,,,,,
